{"cameraMode":{"drawMode":0,"name":"Shaded","section":"Shading Mode"},"sceneLighting":true,"audioPlay":false,"sceneViewState":{"showFog":true,"showMaterialUpdate":false,"showSkybox":true,"showFlares":true,"showImageEffects":true,"showParticleSystems":true},"in2DMode":false,"pivot":{"x":-1.3282880783081055,"y":-7.731651306152344,"z":-0.0135498046875},"rotation":{"x":-0.09594769775867462,"y":-0.9030799269676209,"z":0.3172290027141571,"w":-0.27314189076423647},"size":38.265586853027347,"orthographic":false}