{"cameraMode":{"drawMode":0,"name":"Shaded","section":"Shading Mode"},"sceneLighting":false,"audioPlay":false,"sceneViewState":{"showFog":true,"showMaterialUpdate":false,"showSkybox":true,"showFlares":true,"showImageEffects":true,"showParticleSystems":true},"in2DMode":false,"pivot":{"x":16.18000030517578,"y":-0.0001068115234375,"z":0.002113819122314453},"rotation":{"x":0.007109849248081446,"y":-0.8156664371490479,"z":0.578391969203949,"w":0.010026376694440842},"size":4.286825656890869,"orthographic":false}